На работе, на складе, был один молодой парень. Трудолюбивый, работал в буквальном смысле за троих. И в один прекрасный момент уволился. Думаем, ну ушёл он в прекрасное далеко, ну и фиг с ним. Но нет, через энное время он начал нас навещать систематически, раз в неделю или две. То там хлам разберет, то там, то поможет перетаскать коробки из фуры, то ещё что-то. - У тебя что, своей работы нет? - удивлялись мужики. Он отмахивался и продолжал дальше. Однажды его всё-таки отловили на улице и устроили допрос. Знаете зачем он приходил работал на склад? Потому что ему было нечем заняться в выходные дни. Вот он и приходил на склад, работал со всеми! Просто так, за спасибо и кружку кофе.
Разбираюсь в баночках с черносмородиновым вареньем, сетую на себя, что не подписала, теперь не могу разобраться - где свежезасыпанная смородина, а где варенье-пятиминутка, которое надо быстрее есть. - Надо ВСЁ быстрее есть! - радостно комментирует муж - любитель варенья.
"Было в моем детстве, у бабушки в деревне. Участились случаи воровства в огородах. Видно - работает целая компания: ломают ветки, уносят по много. Да и наведывались не по разу. Наш сад-огород тоже обчистили, оборвали сливы вместе с листьями. Дедушка засел в засаду, сидел ночи три. Дождался. Ребята шли расслабленные, веселились, перемахнули через забор... и тут ""Здорова, пацаны"" - оглушительный выстрел в воздух из ружья! Дерзкие, как пуля резкие, рванули с места и скрылись в темноте деревенских улиц. Мы решили, что они подумают, что мы больше не будем охранять. И вернутся. Завтра они точно не придут, мы не дежурили, спали. А через ночь устроили засаду. Дедушка с овчаркой, все внуки и пара взрослых. Рассредоточились по всему огороду. Все роли и реплики были распределены. Девчонки должны свистеть, дабы не выдавать свои детские голоса. Я сидела в ботве картошки под подсолнухом. И сердце замирало от красоты ночного неба и страха перед битвой за урожай. Часа в два ночи услышали шаги. Четыре высоких здоровяка стремительным уверенным шагом приближались. По твердости походки было понятно, что идут мстить, резать наш сад! Мы подпустили их до середины огорода. Дальше тишину нарушил свист, давший команду начинать! Тут же во всех уголках участка распрямились фигуры и обрушились крики: ""Пускай собаку"", ""стой"", ""держи"", ""милиция"", лай овчарки, визг и свист! Мне самой показалось, нас было человек 20, и все мы из ОМОНа. Ребята метнулись в обратную сторону, оставив нам тапки 45 размера и перочинные ножи. В то лето воровства больше не случалось."
"Работаю медсестрой в детском саду. Многие детки ужасно пугаются при виде меня, что даже управы никакой нет. А теперь, когда ставлю прививки, плачущим девочкам говорю: ""Ну вы же - женщина, вам ещё рожать!"". И так классно наблюдать, как такие принцесски серьезно стараются ни одной слезинки не проронить."
"Мне мой парень сделал предложение, когда мы вышли из кинотеатра, а на улице шёл страшный ливень. На дороге вода по колено. Машина припаркована на другой стороне дороги. Я уже представляю, как бреду через дорогу в новых туфлях. ""Брр!"". И тут поворачивается ко мне мой парень. Встает на колено, достает кольцо и говорит: - Я спасу тебя от страшного потопа, если ты станешь моей тварью? После минутного ступора, его объяснений, почему это он назвал меня тварью, и моего согласия, он взял меня на руки и понес через дорогу к нашему ""ковчегу""."
Сегодня, ровно год, как не стало прадеда. Было ему 96 лет. Ветеран Великой Отечественной. Вернулся в родную деревню в феврале 1946-го. На войне потерял дар речи. Попал в плен, но ненадолго — союзные войска освободили. А дар речи потерял, когда немцы пытались закопать их заживо. Не закопали. Просто издевались. Прабабушка умерла еще в середине 50-х годов и ухаживать за ним стала дочь (моя бабушка). На тот момент ей было 9 лет. В его состоянии ничего не менялось до 2000-го года. Когда он отпраздновал свой 80-летний юбилей, ему приснился сон, что немцы хоронят его живым в гробу. Проснулся он от страшного крика, вскочил и понял - кричал он, к нему вернулся дар речи (и это после 55 лет молчания). С того дня и до конца жизни он разговаривал без умолку. Спасибо деду, за победу! Спасибо им всем!
"Послали моего знакомого в его советское детство за сметаной. А она тогда в стеклянных банках продавалась. Идёт он из магазина, положил банку в авоську и тут ба-бах! - разбивает сметану о ступеньку в подъезде. Заходит домой грустный, а его родители второй раз за сметаной посылают: иди, мол, аккуратней, руками не маши. Но он опять задумался и история повторилась. Третий раз - видимо, это уже было делом принципа - он шел очень осторожно, нес банку, как сокровище. Перед самой дверью родители услышали возмущенный крик. Выглядывают - опять сын с разбитой банкой сметаны стоит! Оказывается, он благополучно в третий раз донес банку до дома, но чёрт его дернул проверить - как же так выходило ее разбивать? И он ""легонечко"", в качестве эксперимента, решил ударить банкой по ступеньке. 3:0 в пользу лестницы."
Пару дней назад ходила в церковь. Уже при входе увидела, как две женщины вели под руки одного мужчину. Ему на вид лет 45, худой, бледный, одет в какую-то старую куртку, без шапки, длинные растрепанные волосы, на ногах только грязные носки и резиновые шлепки. Зимой! Он еле передвигал ногами, весь дрожал, что-то бормотал... Ещё раз мы встретились уже в храме. Я ставила свечу, он подошёл ко мне. Спросил, кто изображён на иконе, переспросил несколько раз, потом сказал, что он уже почти глухой и слепой, что весь покалечен и контужен на войне, что ночью ему снятся кошмары про горячие точки, кровь, крики... Сказал что уже сходит с ума, что государству нет до него дела, у него нет ни паспорта, ни денег, ни здоровья для работы. Все это время он говорил с ужасной тоской в глазах, трясущимися губами и ногами. Мне было его ужасно жалко, была готова отдать последние деньги, но все были на карте. В голове крутился миллион мыслей: как и чем помочь, почему ему не могут помочь в церкви, что делать? Из церкви выходила в смятении - надо купить продукты, дать денег. Какая ужасная судьба, какой страх в глазах. На улице меня встретил муж, гуляющий с ребёнком. Рассказываю ему все, о своих переживаниях. И тут - мимо нас БЕЖИТ этот инвалид! О чем-то увлеченно болтает по смартфону, смеётся, говорит, что скоро смена закончится, и он придёт домой...
"Во времена моей студенческой юности порой приходилось возвращаться из деревни от мамы в областной центр на учёбу. А поскольку мама моя занималась организацией грузоперевозок, то в нашем распоряжении были Камазы с водителями. И если маршрут этой колонны пролегал мимо областного центра, то я могла доехать в одном из грузовиков до окраинной остановки города. Стоит отметить, что коллектив водителей дружный, я всех знала, деревня же.... Однажды утром доехала я таким образом до конечной остановки, водитель высадил меня и дружески ""бибикнул"" на прощание. И водители остальных наших машин сделали то же самое. Я поулыбалась, помахала всем в ответ и в добром расположении духа подошла к остановке, на которой скопилась уже довольно приличная толпа. Женщины кидали на меня самые осуждающие взгляды, местами презрительные. Мужчины заигрывающе улыбались. Я долго не понимала, что за реакция. Рассматривала себя на предмет казусов гардероба. Пока не догадалась, что весьма добродушная для меня картина высадки из Камаза и прощания с автоколонной разворачивалась на виду у всей остановки... Люди, не все в жизни очевидно."
"В день свадьбы двое гостей решили, что не придут... Ну не придут так не придут, особо сей факт не затронул. Намного больше печалило, что в кафе по приходу гостей, все четко расселись по своим местам, не было ни лишних стульев, ни лишних порций. Естественно, все свалили на персонал. Ведь им ""лишь бы наворовать""! Но к концу вечера, переосмыслив произошедшее, мы поняли, что называя количество человек, мы посчитали только гостей! При этом забыв посчитать двух очень важных людей... Нас с супругом!"
Работаю начальником отдела крупной компании. Был у нас в офисе разнорабочий. Все звали его Семеныч. Лет 60. Получал копейки. Мебель ремонтировал, замки смазывал, лампочки менял. В общем, черновой работой занимался. Все, даже самые молодые сотрудники к нему обращались на ты. Часто пренебрежительно с ним разговаривали. А он всегда бодрый, аккуратно одетый, доброжелательный. Я ещё про себя удивлялся, грамотная речь, во всем разбирается от политики до правильного питания и самолетостроения. Про себя никогда ничего не рассказывал. И вдруг звонок из больницы. Ночью его скорая забрала из дома, и утром он скончался. Инфаркт. Уже не первый, оказывается. На работе скинулись, заказали венок, самого молодого отправили на похороны. И забыли. Приехал сотрудник с похорон в шоке. Рассказывает. Народу было море со всей страны. Оказывается, был наш Семеныч полковником. Дважды в Афгане побывал. Два ордена Красной звезды. Ранения. Потом в академии преподавал. Уволился и работал в НИИ на высокой должности. А к нам устроился, потому что рядом с домом и здоровье подводить стало. Жил он один и хотел среди людей быть. Все его, оказывается, уважали. Кроме нас. Стыдно.
"Когда у нас с мужем был конфетно-букетный период, решили мы отправиться в ""рабочий отпуск"" (муж решал дела по бизнесу, а я просто отдыхала). Ехали мы из далёкой Сибири к Чёрному морю с остановками в различных городах. Именно в связи с работой мужа мы по дороге заехали в Санкт-Петербург. Мужу нужно было встретиться с партнёрами по бизнесу. Мы приехали в ресторанчик, где его уже ждали. Он мне сказал: ""Заказывай, что хочешь, кушай, я потом подойду, как закончу дела, и все оплачу"". Отмечу, что входя в ресторан, мы не были похожи на пару, муж сразу направился к своим партнёрам по бизнесу, а я села за столик так, чтобы видеть мужа. Заказала обед, сижу, скучаю, читаю меню (мой телефон на тот момент был сдан в ремонт). В общем, после сытного обеда съедала я уже второе пирожное, а муж все не освобождался. И тогда решила я себя немного развлечь. Попросила у официантки ручку. Взяла салфетку и написала любовное послание мужу. Завернула и, возвращая ручку официантке, попросила передать записку мужу (напомню, никто из персонала не видел, что мы зашли вместе и что мы знакомы). Официантка очень удивилась и несколько раз переспрашивала, кому именно передать (может не хотела этого делать). В итоге она поняла и пошла отдавать записку. А я стала наблюдать. Конечно, лицо мужа надо было видеть! Явно он такого не ожидал, улыбнулся мне мимолётно и продолжил рабочий диалог. Когда встреча у мужа закончилась, и он распрощался с партнёрами, он подошёл ко мне, протянул официантке банковскую карточку и расплатился за мой обед. Тут, конечно, она ещё больше удивилась. На лице явно читалось: ""А что, так можно было?!"" З. Ы. Муж до сих пор хранит записку."
Рассказал одноклассник. Когда он был совсем мелким, собрались они как-то всем, блин, родом на встречу у них в гостях. Дядьки, тётки, бабки, дедки, двоюродные братья и сёстры. И его семья. Сбились они, значит, на фоне ковра в кучку, встали по старшинству: сзади стоят деды, а спереди посадили самого мелкого - нашего героя. Фотографировал их друг семьи, так что все были в кадре. В те годы у нас на Руси употреблялись исключитально фотики с плёнкой. Кто помнит, знает, что частенько при проявке всплывал один неприятный дефект и некоторые выбрасывали такие фотки. Так делали и в семье моего однокашника, но не в тот раз. Увидев, что на фотографии у всей семьи красные глаза, а у него нет, мальчишка струхнул. И решил узнать причину того у наилучшего кандидата - старшего брата. Тот зловещим тоном сообщил, что на самом деле, вся семья состоит из упырей, а он (мелкий) растёт, чтобы из него потом всю кровь во сне высосали. Со слов одноклассника, он так переполошился, что чуть из ума не выжил. И пока истина не открылась, он и из дома сбежать хотел, и всю родню переколоть осиновыми кольями. Заметив неладное, родители объяснили, что никакие они не упыри, ибо зубищ у них нет, на солнце они не горят и крестики носят. И вообще, нормальная у них семья, только старший сын - дурачок. В умственную отсталость брата рассказчик верил до окончания школы, не меньше.
Дело бы лет пять назад, тогда я работал в книжном. Коллега разбирала новый завоз, притащила коробку с книгами в зал и раскладывала их по полкам. Наклонилась, чтобы расставить нижний ряд, и почувствовала - на спине что-то есть! Вывернула шею, чтобы посмотреть - а там покупательница книги выбирает, достает одну, посмотрит, а что интересно на спину наклонившейся коллеге кладет: - Женщина, что вы делаете?! - возмутилась та. - А вам жалко? Все равно тут стоите! - фыркнула покупательница, забрала книги и упорхала на кассу.
"В прошлое воскресенье ходили всей семьей гулять, я зашел в магаз за соком, ну и немножко там завис. Жена спрашивает: ""Почему так долго?"" Я говорю, что, мол, очередь долго шла, потом ждал, пока продавщица даст сдачи... Ребенок (4 года) думал секунд десять, потом выдал: - Папа, а ты зачем с ней дрался?"
Коллега - мама троих детей (8 лет, 5 лет и 3 года). Провела целый месяц на больничном со средним ребенком, следом отпуск. Вышла на работу, а с деньгами швах. Перешли на режим экономии. Причем такой, что Оля в столовую ходить перестала, и в обед только корпоративный чай с не менее корпоративной печенькой. Особо не обсуждала это ни с кем. Вдруг звонок из школы. Класснуха старшего сына: - Ольга Валерьевна! С вашим Колей надо что-то решать! - А что случилось? - Мы всем классом идем в театр вместо урока чтения, Вы единственные не сдали деньги (130 рублей). - (в замешательстве) Первый раз об этом слышу. Позже учительница решила напрямую спросить Колю: - Коля, когда ты деньги принесешь? - Я не пойду. У нас нет денег. - А почему ты маме про театр не сказал? - А зачем я буду ее расстраивать? Дома Оля объяснила, что уж 130р они найдут. Но сыном, похоже, гордится.
"Дальняя родственница наших друзей на вопросы о том, где она работает, долгое время отвечала: ""В Газпроме, с деньгами связано"". Оказалось, что ""в Газпроме"" - это на заправке, а ""с деньгами связано"" - это кассир. Ну, в принципе не обманула :)"
"Когда я был мелким, то на ПДД было наплевать. Помню было мне лет семь или восемь, гуляли с мамой, и я выбежал на дорогу. Передо мной с визгом затормозил автомобиль ""Жигули"". Выбежавший водитель не стал орать и калечить нашу семью. Он просто посмотрел на нас и сказал: ""Вот из-за твоей невнимательности, мать, я бы сейчас ребенка убил и в тюрьму сел. А у меня дети. Научи сына правилам дорожного движения. Пожалуйста!"". Мама плакала, а я с тех пор строгий фанат ПДД. Мой ребенок с трех лет знает, что такое ""зебра"", где нужно переходить дорогу, на какой сигнал светофора и о том, что бегать по проезжей части строго запрещено. Спасибо мужику из детства."
В очереди к травматологу сидело пять человек. Первый - дедушка, держащийся за поясницу, за ним бабушка с безвольной рукой, прижатой к груди, третьими - мама с восьмилетним мальчиком с синей ногой, и парень с огромной такой шишкой на голове и счесанной щекой. Никто никуда не торопится, сидят, неспешно беседуют. Дедушка рассказал, что черешня поспела, продать хотел, да вот упал с дерева. Бабушка рассказала, что пирог готовить с черешней собиралась для внучки, залезла на стремянку, потянула на себя ветку, она хрустнула и бабуля упала. Мама, вздыхая, сказала, что тоже упали с черешни. Парень, еле сдерживая смех, тоже на черешню посетовал. Все с интересом посмотрели на меня. - А у меня тут парень работает, принесла ему черешни. Хорошо, что я её купила.
У многих в копилке есть подобная история Дело было, когда мне было 4 года. Стояла зима, за окном трескучий мороз... Нет бы оставить ребятёнка дома, но меня укутали в 5 слоёв одежды, посадили на шикарные санки и тёмным холодным утром повёз меня папа в детский сад. Повёз, да не довёз. На полпути выпала я неподвижным комом в снег. Раскинула ручки-ножки, даже не пикнула и принялась рассматривать небо. Пока папа вёз меня до калитки детсада, он ни разу не обернулся... Обнаружил пропажу только по прибытии в сад, и в итоге я провалялась в снегу минут 15, отморозив при этом рожу -_- P.S. Таки в то утро в детсад я не попала. Отвезли обратно домой, отогрели и отослали досыпать :)
"Девушки Часто играем в любительски в футбол, есть команда, но не суть. В один такой футбольный вечер просятся к нам две девушки поиграть лет 14-ти. Помялись, но пустили, уж очень хотелось посмотреть мастерство. Играли девчонки действительно неплохо (видимо в школе занимаются), пока вдруг все не услышали мощный шлепок мяча об лицо одной из девушек, сбивший ее с ног. В воздухе повисло молчание, кто-то мысленно готовился звонить в скорую, ожидая худшее, так как девочка не шевелилась. Фух, в сознании, первым делом произнесла: ""Дайте зеркало""."
Работаю официанткой в одном ресторанчике. Недавно к нам устроился совсем ещё молодой парнишка. Теперь каждый раз, когда меня видит, откровенно пялится на мой бюст. Только потом здоровается и начинает говорить. А вчера другая официантка начала хвастаться, что новенький всё время смотрит на её грудь. Это случайно услышал наш заместитель директора и расхохотался во весь голос. Как выяснилось, парень просто очень плохо запоминает русские имена, так как сам не здешний. Вот и смотрит каждый раз на наши бейджики, чтобы понять, как к нам обращаться…
Настырный Google Maps дотянулся-таки до нашего пригородного тупичка и сфотографировал наш домишко и участок непривычно крупным планом. Теперь возникла новая забота, жена требует: – Давай вот этот засохший смородиновый куст уберём наконец! Перед Гуглом неудобно!
Дедукция Пришла сегодня к подруге в гости, а она вещи мужа собирает. Вместе не больше года. - Свет, что случилось? - Мы разводимся. Он мне сегодня не то сердечко отправил. Раньше у него в истории смайликов было только красное, сегодня отправил жёлтое. Получается, что кликнул случайно, не стал бы он шерстить смайлики, чтобы разнообразить нашу переписку. Я задумалась, но тревогу бить не стала. Позвонила мужу, сказал, что занят на работе. Окей, поехала на работу, а его там нет. Сказали, что у него выходной, но вечером должен приехать за документами. Волнуюсь, но верю, что у него есть причина мне врать. Приезжаю ближе к вечеру на его долбаную работу и жду у входа. А его подвозит эта *** блондинка. Он с ней чмокается и идёт в мою сторону. Я не стала закатывать скандал. Попросила заехать за вещами завтра. Следите за своими смайликами...
Одноклассник Сереги Булыжникова принес в школу шило. Знаете наверно поговорку «когда в руках молоток – все похоже на гвоздь». Так вот с шилом, такая же ситуация, только все похоже на место, куда его можно воткнуть. Шиловладелец каждую перемену развлекал себя тем, что подкрадывался тихонько сзади и колол шилом в зад пацанов своего класса. Они дергались, орали от неожиданности и боли, а он ржал как лошадь. Это у него шутка была такая. Дошла очередь и до Сереги. Шутник подловил момент, когда тот разговаривал с другом и ткнул его от всей души шилом в известное место. Серега почувствовав, что его толкнули, обернулся и спросил: - Тебе чего? - Ничего! – ответил одноклассник, удивленный отсутствием привычной реакции, а когда Серега отвернулся, снова ткнул шилом в тоже место. Серега снова повернулся: - Чего толкаешься? - Не работает, может, затупилось? - произнес ошарашенный пацан и что есть дури ткнул сам себя в ногу. Реакция наступила мгновенно. Орал он на всю школу, держась за травмированную ногу. - Псих наверно, - решил Серега, но дома, найдя в заднем кармане штанов истыканный шилом блокнот, понял в чем дело.
Пошли с мужем в воскресенье на рынок. Я в новом комбинезончике, с лёгким макияжем и парочкой украшений. Муж в заляпанных маслом джинсах, старых кроссовках и застиранной драной футболке: Я: Антон, ты выглядишь как обрыган! На тебя посмотришь и в жизни не скажешь, что ты стоматолог, живёшь в хорошей квартире... Муж: Я вообще-то сегодня в гараж собирался, а не с тобой по рынкам ходить. Я: Ты так выглядишь каждый день. Муж: Так я каждый день надеюсь в гараж попасть!
Как можно дать четкое определение трубы - никогда не задумывались? Подполковник Волкодаев (военная кафедра УГНТУ) придумал собственное, весьма интересное определение: - Труба - это дырка в воздухе, обернутая стальным материалом! Хотелось бы знать, где производятся дырки в воздухе до обертывания...
"Был такой случай, после которого я понял, что всегда, чтобы не произошло, нужно остановиться и подумать. Даже на секунду. Работал болгаркой по металлу и в какой-то момент стружка попала в глаз, не смотря на очки как у водолаза и все меры предосторожности (иконки, молитвы и т.д.). И вот я ору как орк перед атакой и махаю лапами, мол, что делать, звоните нотариусу, буду писать завещание, как вдруг мой товарищ, с отсутствующим лицом произносит: ""магнит"". До меня даже не сразу дошло. Но когда дошло, все что я произнес было: ""чертов гений"". Провели магнитом подле глаза и вуаля - я спасен. До сих пор обязан ему жизнью."
Осень у нас наступила. Полил дождь. Подошла к остановке, было место на скамейке, уселась. Народ автобус ждёт. Под навес зашел мальчик лет девяти и с ним малыш лет шести. Оба с зонтами. Сначала оглянулись, потом попытались сложить зонты аккуратно, ни на кого не брызнув. Мама подошла, еще раз оглядела, что б дети никому не мешали и зонты в пакет сложила, мальчиков к себе подвинула. Редчайшие люди. А мама - пример для больших и маленьких.
Только что стала свидетелем разговора двух бабусь (Б1 и Б2). 10 утра, поликлиника, кабинет терапевта. У меня талон на 10:10, всегда прихожу немного пораньше на всякий случай. Б1: сил уже нет, целыми днями в очередях по врачам сижу! Б2: Вот-вот! А у молодых никакого уважения! Лезуть вперёд без очереди!! Тут они с негодованием посмотрели на меня и умолкли. В тишине раздался голос врача, приглашающий меня в кабинете. Бабки, казалось, были готовы взглядом сжечь меня на месте. Я быстро прошла в кабинет и поинтересовалась, почему позвали меня, а не одну из пожилых дам, на что врач ответила: - сил уже нет, целыми днями очереди создают! У одной запись на двенадцать, у другой на час, а сидят они тут с девяти! И так каждый день! Мораль - находите себе хобби с молодости, чтобы было чем себя занять в старости
"Всегда уступала место в общественном транспорте пожилым, беременным. Сломала ногу, в первый же день пошла на костылях в универ (училась в медицинском, а там пропуски, даже по болезни, тяжело отрабатывать). Еду обратно, бабушка с занятий встретила. На такси денег у нее нет, поедем на метро, говорит. Весь день на костылях из корпуса в корпус, на 5,6 этаж. Чуть в голос не завыла. С трудом доковыляла до метро, зашли в вагон, час-пик, стоим. Больно рукам, ноге, чуть не плачу. Сидят парни моего возраста, кто глаза закрыл, кто в телефон уставился, кто просто в пол смотрит. И знаете что? Пожилая женщина, лет 70, которой я не раз уступала в свое время место, окинула взглядом всех ребят, встала и сказала громко, наверное на весь вагон: ""Садись, деточка. Настоящих мужчин у нас ведь в стране уже нет"". Я была ей очень благодарна. И знаете что еще интересно? После ее слов один парень все-таки уступил​ и ей место. Хоть одного пробрало."
"Что значит - жить в многоэтажных панельных домах? Это слышать, какую передачу смотрят в соседней комнате, как соседская кошка чихает где-то на кухне, как гремят тяжеленные стулья у соседей выше и т.д. и т.п. Наибольшей проблемой это становится в воскресенье утром, когда соседям никуда не надо, но все, почему-то, не спят, мешая делать это и тебе. И вот одним таким утром я, еще сонная, поднималась со своей высокой кровати, разбуженная потусторонним шумом отовсюду. Мозг уже работал, а вот ноги - нет. Как встала, так и полетела на пол. Секунды три не могла догнать, что это так загремело. Как выяснилось, соседей этот вопрос волновал не меньше, т.к. со смежной стены донеслось взволнованное: ""Соседи, у вас там все в порядке?"", а через пару минут в дверь позвонил сосед снизу, спросил: ""Не помочь ли поднять упавший шкаф?"". Шумные, конечно, соседи, но надежные."
Частный дом. Большой двор. Посередине двора валяется холодильник. Весь в ржавчине, дверка отвалилась, внутренности рядом лежат. Ждет отправки в последний путь, на свалку. Но никак не может дождаться. Так как время - такая штука, что его все время не хватает, он там ждет уже полгода. За это время я много услышал нелестных комментариев в свой адрес об моей полной бесхозяйственности и лоботрясничестве. И только один друг, Славик, не критиковал меня, сказав: - О, холодильник! Че, размораживаешь?
"Сегодня мои детские годы остались позади. Ребячество и постоянная лёгкость в ощущениях ушли, уступив место взрослой суровости, насупленности бровей и полной ответственности за свои действия. Сегодня - день, когда завершился целый период моей жизни. День, когда я стал мужчиной. Всё это пронеслось в моей голове, как только я понял: вкус уже шестой оливки не вызывает прежнего отвращения, а наоборот, приятен. Сегодня эти недозрелые плоды, зелёной тенью следующие за мной по жизни, стали отдавать приятными нотками лимона. ""Теперь они мне нравятся"", - понял я. Это конец..."
Муж рассказал: Был у него пес, доберман, по кличке Пит. Собака крупная, муж с ней гулял утром и вечером, но этого было мало и его мать выводил собакена после обеда. Случай произошёл зимой, на очередной прогулке в обед Пит убегает. На улице дубак, гладкошерстные собаки не любят долго на морозе находиться, мать мужа ходила по дворам, искала пса, уже и муж к ней присоединился, собаки нет нигде. Естественно, волнение - как столько часов на морозе бедный пес? Опрашивали собачников и просто прохожих, никто не видел. Вот повстречалась им женщина с огромной кавказской овчаркой, решили у неё тоже спросить, на что она сказала: - Ааа, так это ваш, он тут уже давно! Пит, чтоб не замерзнуть, залез под овчарку и ходил вот так под ней... Не замерз!
"Дело было в 90-е. Поздно вечером поступил в одну Московскую больничку пациент из ""новых русских"", на распальцовке и понтах, с неглубоким порезом, в кабачной драке заработал. На такую мелочь хирурга звать не станут, и клиента обрабатывал младший медперсонал. Персонаж, будучи сильно подшофе, вел себя мерзко, хватал медсестер за то, за что хватать не стоит, и орал, чтоб его зашивал лучший хирург больницы. А в ту роковую ночь дежурил замечательный хирург, назовем его Ваня: человек под 2 метра роста, сажень в плечах, бородат и весьма внушителен, помимо этого, Ваня, незадолго до появления этого пациента, проводил многочасовую и сложную операцию, после чего, не переодеваясь, завалился вздремнуть в ординаторской. И вот только его голова коснулась подушки, врывается медсестра и слезно жалуется на нашего клиента, просит зашить неугомонного и отправить куда подальше. Ваня спросонья что-то пробурчал, схватил со стола стетоскоп, как ему показалось, и пошел. Наш клиент сидит и кидает пальцы козырями, в этот момент открывается дверь и входит огромный бородаты мужик, весь в кровище, с красными глазами, недовольным лицом и кипятильником на шее: ""Кого тут надо зашить?!"" Думаю, объяснять, что пациент сразу стал шелковым, не нужно - тихонько досидел процедуру, сказал ""спасибо"" и отправился восвояси."
"Вспомнилось из рассказов о моментах моего детства. Когда мне было годика 3, я немало времени проводила в компании своей тёти. И её влияние на меня не прошло незамеченным. В преддверии перестройки, едем с родителями в автобусе. Заходит дедуля, отец уступает ему место прямо напротив меня. Завидев меня, дед заулыбался и выдал: - Ой какая милая девочка, ангелочек. И начал меня развлекать: ""идет коза рогатая ... забодает, забодает"". Минуты 2 я сижу с покерфейсом, пристально смотря на дедулю и его попытки развеселить меня. И в итоге выдаю своим детским голосочком: - Это не коза, - и вытянув руку с козой вверх, добавляю этаким низким и громким: это хэйви-металл!"
Питер Несколько лет назад работала диспетчером в такси, историй смешных было много, но особенно запомнился один диалог: Я: Такси такое-то, диспетчер имя, здравствуйте! Заказчик (З): Здравствуйте, дорогая, можно мне машину на Пестеля 3 парадная 1. Я: Забираем: Пестеля 3, парадная 1, куда поедете? З: Парадная 2. Я: Хорошо, исправила: Пестеля 3, парадная 2, куда поедете? З:Нет нет, Пестеля 3, парадная 1! Я в 4 квартире живу! Я (немножко занервничав): Исправила, куда поедете с Пестеля 3 первая парадная? З: Парадная 2. Я (после минутного молчания на псих и переваривание информации): На улицу Парадная? З: Да, милая, если можно, то побыстрее...
"Друг рассказывал о студенческих временах: ""Был у нас такой предмет, как геодезия. Одна из курсовых работ требовала построения геодезических кривых по реперным точкам и использования специальной линейки. Для меня эта работа была несложной, максимум полчаса времени. А вот некоторым девушкам почему-то она не давалась. А я чертить не любил, ну не получалось у меня аккуратно. В общем, был оговорен обмен: я делаю геодезию, а мне в обмен чертеж фасада здания. Хотя я и был рад, но угрызения совести испытывал. Я, мол, простую работу, максимум на полчаса, меняю на сложную, с которой девушка будет возиться день, а то и два. Несу готовый план к девчонкам, захожу в их блок (это две комнаты с санузлом и коридором) и вдруг слышу: ""Вот классно я поменялась, начертила фасад за двадцать минут, а ему с геодезией корячиться целый день"". Так что обмен получился честный :)"
Работаю в БЦ рядом с жилым домом и на перекуре часто здороваюсь с жителями. Живёт в этом доме приятный мужик с семьёй (работал в налоговой, но никто этого не знал). Живут они крайне бедно, едва сводят концы с концами. Однажды он подошёл и предупредил, что конкуренты заказали на нас проверку с подкидными доками. Эта инфа нас очень спасла, но мужик через месяц попал под сокращение. Добро мы помним, и теперь он у нас работает начальником отдела безопасности. Мы довольны, и он ЗП получает хорошую.
"Почти три года назад, когда мы с мужем только съехались, мы снимали однокомнатную квартиру. И через пару недель началось: то дверь сама откроется (закрывали плотно), то сны дурацкие снятся, то кот в пустоту уставился. Но, в принципе, привыкли мы быстро, вреда никакого эти движения не приносили, и спустя месяц совсем успокоились и в шутку говорили, что у нас есть своё приведение и, заходя в квартиру, здоровались с ним. В конце весны нам нужно было на неделю уехать. Перед отъездом плотно, на все щеколды закрыли окна (5-й этаж), дверь на балкон, навели порядок, и - на этом нужно сделать акцент - вытряхнули из чайника заварку в мусорку, вытащили пакет и по дороге к автобусу выбросили его. Попрощались с ""нашим привидением"", пообещав, что мы ненадолго. Возвращаемся дней через 10 и, зайдя в квартиру, видим такую картину: ВСЕ окна нараспашку, балконная дверь открыта, на кухне занавески радостно ветром к потолку задирает. Первая мысль - хозяйка квартиры заходила (нет). Вторая - нас ограбили (тоже нет). Апофигей наступил в тот момент, когда я увидела мусорку. В ведре стоял полный пакет с, мать её, ЗАВАРКОЙ наверху! Той самой заваркой, которую я собственноручно выбрасывала 10 дней назад. Сначала подумали было, что забыли мусор выкинуть (не забывали), ноо... если бы забыли, за это время по такой жаре (а май тогда выдался жарким) вонь была бы такая, что мама не горюй. Но нет. Свежая заварка, в ведре, которое полторы недели назад благополучно было вынесено из квартиры. Что это было - до сих пор гадаем. P.S. Из той квартиры через месяц мы благополучно съехали (сбежали)."
Иду по улице. Впереди идёт бабушка и держит внучку за руку. Бабушка медленно наклоняется к внучке и прямо ей на ухо, как гаркнет со всей дури «БАХ!». Слышно было на всю улицу. Бабушка идёт дальше как ни в чём не бывало, внучка и виду не подала. У меня глаза по пять копеек. Что это было?! В их семье это, что в порядке вещей? Бабушка опять наклоняется к внучке и спрашивает: «Ну что? Прошло?». Внучка отрицательно мотает головой и громко икает в ответ.
"Как-то когда мой сын был еще маленький (лет 6), он спросил у меня: кто такие герои? Я ответила про храбрость и доблесть, и про то, что это люди - спасатели, и много еще. В завершении я сказала, что он - тоже герой. И мы вспомнили вот такую историю. Я с маленьким сыном занималась грудничковым плаванием, поплыл он полностью самостоятельно в 1 год и 4 месяца. К 4 годам уже нырял без ласт на приличную глубину. И вот, лето, Турция, мы снимали квартиру в небольшом таун-хаусе с бассейном в общем дворе. Обеденное время, я стою на балконе и слежу за купающимся в бассейне 4-х летним сыном. Соседи - все турки. Гуляют у бассейна девочка лет 6-8 и мальчик лет 2 на маленьком трехколесном велосипеде. Мальчик едет на велосипеде задом и падает в бассейн. Громкий крик девочки: ""ANE, ANE"" (мама, мама). Мой ребенок, не задумываясь, ныряет в бассейн и достает оттуда маленького мальчика, который всего в 2 раза младше него. Отдает сестре. Ныряет второй раз - достает велосипед. И идет дальше по своим делам. Он даже не предал значение тому, что сделал. Мама детей прилетела только минут через 10, а я была у бассейна тут же."
"Перестройка. Стою на рынке, торгую разным электронным барахлом, в том числе лежит иногда мирно попискивающий включенный дозиметр радиации. Подходит мужик. Дозиметр как будто начинает пищать решительнее. Осведомляется о его цене. Называю. Он: ""хмм, а ну-ка..."". Достает что-то из КАРМАНА БРЮК, подносит к дозиметру, тот заходится в писке. Я давлюсь окурком. Он, не торгуясь, отдает деньги, берет прибор и спокойно уходит в закат. До сих пор интересно - кто это был и что это было..."
